{
    "description": "Test cases involving castling",
    "testCases": [
      {
        "start": {
          "description": "White can castle normally in either direction.",
          "fen": "8/4k3/8/8/8/8/r6r/R3K2R w KQ - 0 1"
        },
        "expected": [
          {
            "move": "Rb1",
            "fen": "8/4k3/8/8/8/8/r6r/1R2K2R b K - 1 1"
          },
          {
            "move": "Rc1",
            "fen": "8/4k3/8/8/8/8/r6r/2R1K2R b K - 1 1"
          },
          {
            "move": "Rd1",
            "fen": "8/4k3/8/8/8/8/r6r/3RK2R b K - 1 1"
          },
          {
            "move": "Ra2",
            "fen": "8/4k3/8/8/8/8/R6r/4K2R b K - 0 1"
          },
          {
            "move": "Kd1",
            "fen": "8/4k3/8/8/8/8/r6r/R2K3R b - - 1 1"
          },
          {
            "move": "Kf1",
            "fen": "8/4k3/8/8/8/8/r6r/R4K1R b - - 1 1"
          },
          {
            "move": "O-O-O",
            "fen": "8/4k3/8/8/8/8/r6r/2KR3R b - - 1 1"
          },
          {
            "move": "O-O",
            "fen": "8/4k3/8/8/8/8/r6r/R4RK1 b - - 1 1"
          },
          {
            "move": "Rg1",
            "fen": "8/4k3/8/8/8/8/r6r/R3K1R1 b Q - 1 1"
          },
          {
            "move": "Rf1",
            "fen": "8/4k3/8/8/8/8/r6r/R3KR2 b Q - 1 1"
          },
          {
            "move": "Rh2",
            "fen": "8/4k3/8/8/8/8/r6R/R3K3 b Q - 0 1"
          }
        ]
      },
      {
        "start": {
          "description": "White can only castle queenside.",
          "fen": "8/4k3/8/8/8/8/r6r/R3K2R w Q - 0 1"
        },
        "expected": [
          {
            "move": "Rb1",
            "fen": "8/4k3/8/8/8/8/r6r/1R2K2R b - - 1 1"
          },
          {
            "move": "Rc1",
            "fen": "8/4k3/8/8/8/8/r6r/2R1K2R b - - 1 1"
          },
          {
            "move": "Rd1",
            "fen": "8/4k3/8/8/8/8/r6r/3RK2R b - - 1 1"
          },
          {
            "move": "Ra2",
            "fen": "8/4k3/8/8/8/8/R6r/4K2R b - - 0 1"
          },
          {
            "move": "Kd1",
            "fen": "8/4k3/8/8/8/8/r6r/R2K3R b - - 1 1"
          },
          {
            "move": "Kf1",
            "fen": "8/4k3/8/8/8/8/r6r/R4K1R b - - 1 1"
          },
          {
            "move": "O-O-O",
            "fen": "8/4k3/8/8/8/8/r6r/2KR3R b - - 1 1"
          },
          {
            "move": "Rg1",
            "fen": "8/4k3/8/8/8/8/r6r/R3K1R1 b Q - 1 1"
          },
          {
            "move": "Rf1",
            "fen": "8/4k3/8/8/8/8/r6r/R3KR2 b Q - 1 1"
          },
          {
            "move": "Rh2",
            "fen": "8/4k3/8/8/8/8/r6R/R3K3 b Q - 0 1"
          }
        ]
      },
      {
        "start": {
          "description": "White can only castle kingside.",
          "fen": "8/4k3/8/8/8/8/r6r/R3K2R w K - 0 1"
        },
        "expected": [
          {
            "move": "Rb1",
            "fen": "8/4k3/8/8/8/8/r6r/1R2K2R b K - 1 1"
          },
          {
            "move": "Rc1",
            "fen": "8/4k3/8/8/8/8/r6r/2R1K2R b K - 1 1"
          },
          {
            "move": "Rd1",
            "fen": "8/4k3/8/8/8/8/r6r/3RK2R b K - 1 1"
          },
          {
            "move": "Ra2",
            "fen": "8/4k3/8/8/8/8/R6r/4K2R b K - 0 1"
          },
          {
            "move": "Kd1",
            "fen": "8/4k3/8/8/8/8/r6r/R2K3R b - - 1 1"
          },
          {
            "move": "Kf1",
            "fen": "8/4k3/8/8/8/8/r6r/R4K1R b - - 1 1"
          },
          {
            "move": "O-O",
            "fen": "8/4k3/8/8/8/8/r6r/R4RK1 b - - 1 1"
          },
          {
            "move": "Rg1",
            "fen": "8/4k3/8/8/8/8/r6r/R3K1R1 b - - 1 1"
          },
          {
            "move": "Rf1",
            "fen": "8/4k3/8/8/8/8/r6r/R3KR2 b - - 1 1"
          },
          {
            "move": "Rh2",
            "fen": "8/4k3/8/8/8/8/r6R/R3K3 b - - 0 1"
          }
        ]
      },
      {
        "start": {
          "description": "White can't castle despite pieces being in the right position; presumably they've already moved the king or rooks.",
          "fen": "8/4k3/8/8/8/8/r6r/R3K2R w - - 0 1"
        },
        "expected": [
          {
            "move": "Rb1",
            "fen": "8/4k3/8/8/8/8/r6r/1R2K2R b - - 1 1"
          },
          {
            "move": "Rc1",
            "fen": "8/4k3/8/8/8/8/r6r/2R1K2R b - - 1 1"
          },
          {
            "move": "Rd1",
            "fen": "8/4k3/8/8/8/8/r6r/3RK2R b - - 1 1"
          },
          {
            "move": "Ra2",
            "fen": "8/4k3/8/8/8/8/R6r/4K2R b - - 0 1"
          },
          {
            "move": "Kd1",
            "fen": "8/4k3/8/8/8/8/r6r/R2K3R b - - 1 1"
          },
          {
            "move": "Kf1",
            "fen": "8/4k3/8/8/8/8/r6r/R4K1R b - - 1 1"
          },
          {
            "move": "Rg1",
            "fen": "8/4k3/8/8/8/8/r6r/R3K1R1 b - - 1 1"
          },
          {
            "move": "Rf1",
            "fen": "8/4k3/8/8/8/8/r6r/R3KR2 b - - 1 1"
          },
          {
            "move": "Rh2",
            "fen": "8/4k3/8/8/8/8/r6R/R3K3 b - - 0 1"
          }
        ]
      },
      {
        "start": {
          "description": "White can castle queenside despite b1 being attacked.",
          "fen": "1r6/4k3/8/8/8/8/r7/R3K3 w Q - 0 1"
        },
        "expected": [
          {
            "move": "Rb1",
            "fen": "1r6/4k3/8/8/8/8/r7/1R2K3 b - - 1 1"
          },
          {
            "move": "Rc1",
            "fen": "1r6/4k3/8/8/8/8/r7/2R1K3 b - - 1 1"
          },
          {
            "move": "Rd1",
            "fen": "1r6/4k3/8/8/8/8/r7/3RK3 b - - 1 1"
          },
          {
            "move": "Ra2",
            "fen": "1r6/4k3/8/8/8/8/R7/4K3 b - - 0 1"
          },
          {
            "move": "Kd1",
            "fen": "1r6/4k3/8/8/8/8/r7/R2K4 b - - 1 1"
          },
          {
            "move": "Kf1",
            "fen": "1r6/4k3/8/8/8/8/r7/R4K2 b - - 1 1"
          },
          {
            "move": "O-O-O",
            "fen": "1r6/4k3/8/8/8/8/r7/2KR4 b - - 1 1"
          }
        ]
      },
      {
        "start": {
          "description": "White can't castle queenside because it would into check from a rook.",
          "fen": "2r5/4k3/8/8/8/8/r7/R3K3 w Q - 0 1"
        },
        "expected": [
          {
            "move": "Rb1",
            "fen": "2r5/4k3/8/8/8/8/r7/1R2K3 b - - 1 1"
          },
          {
            "move": "Rc1",
            "fen": "2r5/4k3/8/8/8/8/r7/2R1K3 b - - 1 1"
          },
          {
            "move": "Rd1",
            "fen": "2r5/4k3/8/8/8/8/r7/3RK3 b - - 1 1"
          },
          {
            "move": "Ra2",
            "fen": "2r5/4k3/8/8/8/8/R7/4K3 b - - 0 1"
          },
          {
            "move": "Kd1",
            "fen": "2r5/4k3/8/8/8/8/r7/R2K4 b - - 1 1"
          },
          {
            "move": "Kf1",
            "fen": "2r5/4k3/8/8/8/8/r7/R4K2 b - - 1 1"
          }
        ]
      },
      {
        "start": {
          "description": "White can't castle queenside because it would be into check from a bishop.",
          "fen": "8/4k3/8/8/8/b7/r7/R3K3 w Q - 0 1"
        },
        "expected": [
          {
            "move": "Rb1",
            "fen": "8/4k3/8/8/8/b7/r7/1R2K3 b - - 1 1"
          },
          {
            "move": "Rc1",
            "fen": "8/4k3/8/8/8/b7/r7/2R1K3 b - - 1 1"
          },
          {
            "move": "Rd1",
            "fen": "8/4k3/8/8/8/b7/r7/3RK3 b - - 1 1"
          },
          {
            "move": "Ra2",
            "fen": "8/4k3/8/8/8/b7/R7/4K3 b - - 0 1"
          },
          {
            "move": "Kd1",
            "fen": "8/4k3/8/8/8/b7/r7/R2K4 b - - 1 1"
          },
          {
            "move": "Kf1",
            "fen": "8/4k3/8/8/8/b7/r7/R4K2 b - - 1 1"
          }
        ]
      },
      {
        "start": {
          "description": "White can't castle queenside because it would be into check from a knight.",
          "fen": "8/4k3/8/8/8/8/n7/R3K3 w Q - 0 1"
        },
        "expected": [
          {
            "move": "Rb1",
            "fen": "8/4k3/8/8/8/8/n7/1R2K3 b - - 1 1"
          },
          {
            "move": "Rc1",
            "fen": "8/4k3/8/8/8/8/n7/2R1K3 b - - 1 1"
          },
          {
            "move": "Rd1",
            "fen": "8/4k3/8/8/8/8/n7/3RK3 b - - 1 1"
          },
          {
            "move": "Ra2",
            "fen": "8/4k3/8/8/8/8/R7/4K3 b - - 0 1"
          },
          {
            "move": "Kd1",
            "fen": "8/4k3/8/8/8/8/n7/R2K4 b - - 1 1"
          },
          {
            "move": "Kf1",
            "fen": "8/4k3/8/8/8/8/n7/R4K2 b - - 1 1"
          },
          {
            "move": "Kd2",
            "fen": "8/4k3/8/8/8/8/n2K4/R7 b - - 1 1"
          },
          {
            "move": "Ke2",
            "fen": "8/4k3/8/8/8/8/n3K3/R7 b - - 1 1"
          },
          {
            "move": "Kf2",
            "fen": "8/4k3/8/8/8/8/n4K2/R7 b - - 1 1"
          }
        ]
      },
      {
        "start": {
          "description": "White can't castle queenside because it would be into check from a queen.",
          "fen": "8/4k3/8/8/5q2/8/r7/R3K3 w Q - 0 1"
        },
        "expected": [
          {
            "move": "Rb1",
            "fen": "8/4k3/8/8/5q2/8/r7/1R2K3 b - - 1 1"
          },
          {
            "move": "Rc1",
            "fen": "8/4k3/8/8/5q2/8/r7/2R1K3 b - - 1 1"
          },
          {
            "move": "Rd1",
            "fen": "8/4k3/8/8/5q2/8/r7/3RK3 b - - 1 1"
          },
          {
            "move": "Ra2",
            "fen": "8/4k3/8/8/5q2/8/R7/4K3 b - - 0 1"
          },
          {
            "move": "Kd1",
            "fen": "8/4k3/8/8/5q2/8/r7/R2K4 b - - 1 1"
          }
        ]
      },
      {
        "start": {
          "description": "White can't castle queenside because it would be into check from black king.",
          "fen": "8/8/8/8/8/8/rk6/R3K3 w Q - 0 1"
        },
        "expected": [
          {
            "move": "Rb1+",
            "fen": "8/8/8/8/8/8/rk6/1R2K3 b - - 1 1"
          },
          {
            "move": "Rc1",
            "fen": "8/8/8/8/8/8/rk6/2R1K3 b - - 1 1"
          },
          {
            "move": "Rd1",
            "fen": "8/8/8/8/8/8/rk6/3RK3 b - - 1 1"
          },
          {
            "move": "Ra2+",
            "fen": "8/8/8/8/8/8/Rk6/4K3 b - - 0 1"
          },
          {
            "move": "Kd1",
            "fen": "8/8/8/8/8/8/rk6/R2K4 b - - 1 1"
          },
          {
            "move": "Kf1",
            "fen": "8/8/8/8/8/8/rk6/R4K2 b - - 1 1"
          },
          {
            "move": "Kd2",
            "fen": "8/8/8/8/8/8/rk1K4/R7 b - - 1 1"
          },
          {
            "move": "Ke2",
            "fen": "8/8/8/8/8/8/rk2K3/R7 b - - 1 1"
          },
          {
            "move": "Kf2",
            "fen": "8/8/8/8/8/8/rk3K2/R7 b - - 1 1"
          }
        ]
      },
      {
        "start": {
          "description": "White can't castle queenside because it would be into check from a pawn.",
          "fen": "8/8/8/8/3k4/8/rp6/R3K3 w Q - 0 1"
        },
        "expected": [
          {
            "move": "Rb1",
            "fen": "8/8/8/8/3k4/8/rp6/1R2K3 b - - 1 1"
          },
          {
            "move": "Rc1",
            "fen": "8/8/8/8/3k4/8/rp6/2R1K3 b - - 1 1"
          },
          {
            "move": "Rd1+",
            "fen": "8/8/8/8/3k4/8/rp6/3RK3 b - - 1 1"
          },
          {
            "move": "Ra2",
            "fen": "8/8/8/8/3k4/8/Rp6/4K3 b - - 0 1"
          },
          {
            "move": "Kd1",
            "fen": "8/8/8/8/3k4/8/rp6/R2K4 b - - 1 1"
          },
          {
            "move": "Kf1",
            "fen": "8/8/8/8/3k4/8/rp6/R4K2 b - - 1 1"
          },
          {
            "move": "Kd2",
            "fen": "8/8/8/8/3k4/8/rp1K4/R7 b - - 1 1"
          },
          {
            "move": "Ke2",
            "fen": "8/8/8/8/3k4/8/rp2K3/R7 b - - 1 1"
          },
          {
            "move": "Kf2",
            "fen": "8/8/8/8/3k4/8/rp3K2/R7 b - - 1 1"
          }
        ]
      },
      {
        "start": {
          "description": "White can't castle either direction because they are in check from a rook.",
          "fen": "8/8/8/4r3/3k4/8/8/R3K2R w Q - 0 1"
        },
        "expected": [
          {
            "move": "Kd1",
            "fen": "8/8/8/4r3/3k4/8/8/R2K3R b - - 1 1"
          },
          {
            "move": "Kf1",
            "fen": "8/8/8/4r3/3k4/8/8/R4K1R b - - 1 1"
          },
          {
            "move": "Kd2",
            "fen": "8/8/8/4r3/3k4/8/3K4/R6R b - - 1 1"
          },
          {
            "move": "Kf2",
            "fen": "8/8/8/4r3/3k4/8/5K2/R6R b - - 1 1"
          }
        ]
      },
      {
        "start": {
          "description": "White can't castle because it would be through squares attacked by a pawn.",
          "fen": "8/8/4k3/8/8/8/4p3/R3K2R w KQ - 0 1"
        },
        "expected": [
          {
            "move": "Rb1",
            "fen": "8/8/4k3/8/8/8/4p3/1R2K2R b K - 1 1"
          },
          {
            "move": "Rc1",
            "fen": "8/8/4k3/8/8/8/4p3/2R1K2R b K - 1 1"
          },
          {
            "move": "Rd1",
            "fen": "8/8/4k3/8/8/8/4p3/3RK2R b K - 1 1"
          },
          {
            "move": "Ra2",
            "fen": "8/8/4k3/8/8/8/R3p3/4K2R b K - 1 1"
          },
          {
            "move": "Ra3",
            "fen": "8/8/4k3/8/8/R7/4p3/4K2R b K - 1 1"
          },
          {
            "move": "Ra4",
            "fen": "8/8/4k3/8/R7/8/4p3/4K2R b K - 1 1"
          },
          {
            "move": "Ra5",
            "fen": "8/8/4k3/R7/8/8/4p3/4K2R b K - 1 1"
          },
          {
            "move": "Ra6+",
            "fen": "8/8/R3k3/8/8/8/4p3/4K2R b K - 1 1"
          },
          {
            "move": "Ra7",
            "fen": "8/R7/4k3/8/8/8/4p3/4K2R b K - 1 1"
          },
          {
            "move": "Ra8",
            "fen": "R7/8/4k3/8/8/8/4p3/4K2R b K - 1 1"
          },
          {
            "move": "Kd2",
            "fen": "8/8/4k3/8/8/8/3Kp3/R6R b - - 1 1"
          },
          {
            "move": "Ke2",
            "fen": "8/8/4k3/8/8/8/4K3/R6R b - - 0 1"
          },
          {
            "move": "Kf2",
            "fen": "8/8/4k3/8/8/8/4pK2/R6R b - - 1 1"
          },
          {
            "move": "Rg1",
            "fen": "8/8/4k3/8/8/8/4p3/R3K1R1 b Q - 1 1"
          },
          {
            "move": "Rf1",
            "fen": "8/8/4k3/8/8/8/4p3/R3KR2 b Q - 1 1"
          },
          {
            "move": "Rh2",
            "fen": "8/8/4k3/8/8/8/4p2R/R3K3 b Q - 1 1"
          },
          {
            "move": "Rh3",
            "fen": "8/8/4k3/8/8/7R/4p3/R3K3 b Q - 1 1"
          },
          {
            "move": "Rh4",
            "fen": "8/8/4k3/8/7R/8/4p3/R3K3 b Q - 1 1"
          },
          {
            "move": "Rh5",
            "fen": "8/8/4k3/7R/8/8/4p3/R3K3 b Q - 1 1"
          },
          {
            "move": "Rh6+",
            "fen": "8/8/4k2R/8/8/8/4p3/R3K3 b Q - 1 1"
          },
          {
            "move": "Rh7",
            "fen": "8/7R/4k3/8/8/8/4p3/R3K3 b Q - 1 1"
          },
          {
            "move": "Rh8",
            "fen": "7R/8/4k3/8/8/8/4p3/R3K3 b Q - 1 1"
          }
        ]
      },
      {
        "start": {
          "description": "Attacks on the rooks shouldn't prevent castling.",
          "fen": "8/8/4k3/3bb3/8/8/8/R3K2R w KQ - 0 1"
        },
        "expected": [
          {
            "move": "Rb1",
            "fen": "8/8/4k3/3bb3/8/8/8/1R2K2R b K - 1 1"
          },
          {
            "move": "Rc1",
            "fen": "8/8/4k3/3bb3/8/8/8/2R1K2R b K - 1 1"
          },
          {
            "move": "Rd1",
            "fen": "8/8/4k3/3bb3/8/8/8/3RK2R b K - 1 1"
          },
          {
            "move": "Ra2",
            "fen": "8/8/4k3/3bb3/8/8/R7/4K2R b K - 1 1"
          },
          {
            "move": "Ra3",
            "fen": "8/8/4k3/3bb3/8/R7/8/4K2R b K - 1 1"
          },
          {
            "move": "Ra4",
            "fen": "8/8/4k3/3bb3/R7/8/8/4K2R b K - 1 1"
          },
          {
            "move": "Ra5",
            "fen": "8/8/4k3/R2bb3/8/8/8/4K2R b K - 1 1"
          },
          {
            "move": "Ra6+",
            "fen": "8/8/R3k3/3bb3/8/8/8/4K2R b K - 1 1"
          },
          {
            "move": "Ra7",
            "fen": "8/R7/4k3/3bb3/8/8/8/4K2R b K - 1 1"
          },
          {
            "move": "Ra8",
            "fen": "R7/8/4k3/3bb3/8/8/8/4K2R b K - 1 1"
          },
          {
            "move": "Kd1",
            "fen": "8/8/4k3/3bb3/8/8/8/R2K3R b - - 1 1"
          },
          {
            "move": "Kf1",
            "fen": "8/8/4k3/3bb3/8/8/8/R4K1R b - - 1 1"
          },
          {
            "move": "Kd2",
            "fen": "8/8/4k3/3bb3/8/8/3K4/R6R b - - 1 1"
          },
          {
            "move": "Ke2",
            "fen": "8/8/4k3/3bb3/8/8/4K3/R6R b - - 1 1"
          },
          {
            "move": "Kf2",
            "fen": "8/8/4k3/3bb3/8/8/5K2/R6R b - - 1 1"
          },
          {
            "move": "O-O-O",
            "fen": "8/8/4k3/3bb3/8/8/8/2KR3R b - - 1 1"
          },
          {
            "move": "O-O",
            "fen": "8/8/4k3/3bb3/8/8/8/R4RK1 b - - 1 1"
          },
          {
            "move": "Rg1",
            "fen": "8/8/4k3/3bb3/8/8/8/R3K1R1 b Q - 1 1"
          },
          {
            "move": "Rf1",
            "fen": "8/8/4k3/3bb3/8/8/8/R3KR2 b Q - 1 1"
          },
          {
            "move": "Rh2",
            "fen": "8/8/4k3/3bb3/8/8/7R/R3K3 b Q - 1 1"
          },
          {
            "move": "Rh3",
            "fen": "8/8/4k3/3bb3/8/7R/8/R3K3 b Q - 1 1"
          },
          {
            "move": "Rh4",
            "fen": "8/8/4k3/3bb3/7R/8/8/R3K3 b Q - 1 1"
          },
          {
            "move": "Rh5",
            "fen": "8/8/4k3/3bb2R/8/8/8/R3K3 b Q - 1 1"
          },
          {
            "move": "Rh6+",
            "fen": "8/8/4k2R/3bb3/8/8/8/R3K3 b Q - 1 1"
          },
          {
            "move": "Rh7",
            "fen": "8/7R/4k3/3bb3/8/8/8/R3K3 b Q - 1 1"
          },
          {
            "move": "Rh8",
            "fen": "7R/8/4k3/3bb3/8/8/8/R3K3 b Q - 1 1"
          }
        ]
      },
      {
        "start": {
          "description": "White can't castle through check from differently placed pawns.",
          "fen": "8/8/4k3/8/8/8/2p3p1/R3K2R w KQ - 0 1"
        },
        "expected": [
          {
            "move": "Rb1",
            "fen": "8/8/4k3/8/8/8/2p3p1/1R2K2R b K - 1 1"
          },
          {
            "move": "Rc1",
            "fen": "8/8/4k3/8/8/8/2p3p1/2R1K2R b K - 1 1"
          },
          {
            "move": "Rd1",
            "fen": "8/8/4k3/8/8/8/2p3p1/3RK2R b K - 1 1"
          },
          {
            "move": "Ra2",
            "fen": "8/8/4k3/8/8/8/R1p3p1/4K2R b K - 1 1"
          },
          {
            "move": "Ra3",
            "fen": "8/8/4k3/8/8/R7/2p3p1/4K2R b K - 1 1"
          },
          {
            "move": "Ra4",
            "fen": "8/8/4k3/8/R7/8/2p3p1/4K2R b K - 1 1"
          },
          {
            "move": "Ra5",
            "fen": "8/8/4k3/R7/8/8/2p3p1/4K2R b K - 1 1"
          },
          {
            "move": "Ra6+",
            "fen": "8/8/R3k3/8/8/8/2p3p1/4K2R b K - 1 1"
          },
          {
            "move": "Ra7",
            "fen": "8/R7/4k3/8/8/8/2p3p1/4K2R b K - 1 1"
          },
          {
            "move": "Ra8",
            "fen": "R7/8/4k3/8/8/8/2p3p1/4K2R b K - 1 1"
          },
          {
            "move": "Kd2",
            "fen": "8/8/4k3/8/8/8/2pK2p1/R6R b - - 1 1"
          },
          {
            "move": "Ke2",
            "fen": "8/8/4k3/8/8/8/2p1K1p1/R6R b - - 1 1"
          },
          {
            "move": "Kf2",
            "fen": "8/8/4k3/8/8/8/2p2Kp1/R6R b - - 1 1"
          },
          {
            "move": "Rg1",
            "fen": "8/8/4k3/8/8/8/2p3p1/R3K1R1 b Q - 1 1"
          },
          {
            "move": "Rf1",
            "fen": "8/8/4k3/8/8/8/2p3p1/R3KR2 b Q - 1 1"
          },
          {
            "move": "Rh2",
            "fen": "8/8/4k3/8/8/8/2p3pR/R3K3 b Q - 1 1"
          },
          {
            "move": "Rh3",
            "fen": "8/8/4k3/8/8/7R/2p3p1/R3K3 b Q - 1 1"
          },
          {
            "move": "Rh4",
            "fen": "8/8/4k3/8/7R/8/2p3p1/R3K3 b Q - 1 1"
          },
          {
            "move": "Rh5",
            "fen": "8/8/4k3/7R/8/8/2p3p1/R3K3 b Q - 1 1"
          },
          {
            "move": "Rh6+",
            "fen": "8/8/4k2R/8/8/8/2p3p1/R3K3 b Q - 1 1"
          },
          {
            "move": "Rh7",
            "fen": "8/7R/4k3/8/8/8/2p3p1/R3K3 b Q - 1 1"
          },
          {
            "move": "Rh8",
            "fen": "7R/8/4k3/8/8/8/2p3p1/R3K3 b Q - 1 1"
          }
        ]
      },
      {
        "start": {
          "description": "An attack on b1 shouldn't prevent queenside castle.",
          "fen": "8/8/4k3/8/8/pr6/8/R3K3 w Q - 0 1"
        },
        "expected": [
          {
            "move": "Rb1",
            "fen": "8/8/4k3/8/8/pr6/8/1R2K3 b - - 1 1"
          },
          {
            "move": "Rc1",
            "fen": "8/8/4k3/8/8/pr6/8/2R1K3 b - - 1 1"
          },
          {
            "move": "Rd1",
            "fen": "8/8/4k3/8/8/pr6/8/3RK3 b - - 1 1"
          },
          {
            "move": "Ra2",
            "fen": "8/8/4k3/8/8/pr6/R7/4K3 b - - 1 1"
          },
          {
            "move": "Ra3",
            "fen": "8/8/4k3/8/8/Rr6/8/4K3 b - - 0 1"
          },
          {
            "move": "Kd1",
            "fen": "8/8/4k3/8/8/pr6/8/R2K4 b - - 1 1"
          },
          {
            "move": "Kf1",
            "fen": "8/8/4k3/8/8/pr6/8/R4K2 b - - 1 1"
          },
          {
            "move": "Kd2",
            "fen": "8/8/4k3/8/8/pr6/3K4/R7 b - - 1 1"
          },
          {
            "move": "Ke2",
            "fen": "8/8/4k3/8/8/pr6/4K3/R7 b - - 1 1"
          },
          {
            "move": "Kf2",
            "fen": "8/8/4k3/8/8/pr6/5K2/R7 b - - 1 1"
          },
          {
            "move": "O-O-O",
            "fen": "8/8/4k3/8/8/pr6/8/2KR4 b - - 1 1"
          }
        ]
      },
      {
        "start": {
          "description": "Black can't castle either direction because of attack from .Pawn.",
          "fen": "r3k2r/R3P2R/8/8/8/8/8/4K3 b kq - 0 1"
        },
        "expected": [
          {
            "move": "Ra7",
            "fen": "4k2r/r3P2R/8/8/8/8/8/4K3 w k - 0 2"
          },
          {
            "move": "Rb8",
            "fen": "1r2k2r/R3P2R/8/8/8/8/8/4K3 w k - 1 2"
          },
          {
            "move": "Rc8",
            "fen": "2r1k2r/R3P2R/8/8/8/8/8/4K3 w k - 1 2"
          },
          {
            "move": "Rd8",
            "fen": "3rk2r/R3P2R/8/8/8/8/8/4K3 w k - 1 2"
          },
          {
            "move": "Rh7",
            "fen": "r3k3/R3P2r/8/8/8/8/8/4K3 w q - 0 2"
          },
          {
            "move": "Rg8",
            "fen": "r3k1r1/R3P2R/8/8/8/8/8/4K3 w q - 1 2"
          },
          {
            "move": "Rf8",
            "fen": "r3kr2/R3P2R/8/8/8/8/8/4K3 w q - 1 2"
          }
        ]
      }
    ]
  }